experiment_name,unique_id,horizon,eval_window,mae,smape,runtime_seconds
timegpt_baseline_14d,series_1,14,14,7.285714285714273,4.094012774340309,0.005311489105224609
timegpt_baseline_14d,series_2,14,14,5.149999999999993,2.12375449912263,0.005311489105224609
timegpt_baseline_28d,series_1,28,28,13.321428571428573,7.864777387844721,0.0036020278930664062
timegpt_baseline_28d,series_2,28,28,9.000000000000012,3.792546704961868,0.0036020278930664062
